{
    "3-2": {
        "index": "3.2",
        "name": "Благоустройство придомовых территорий",
        "category": "Придомовая территория",

        "data": [
            "Адрес придовомой территории"
        ],

        "groups": [
            {
                "name": "Зонирование и наполнение",
                "criteria": [
                    {
                        "name": "Присутствуют следующие зоны отдыха:",
                        "subcriteria": [
                            "Зона детского отдыха",
                            "Зона спортивного отдыха",
                            "Зона тихого отдыха",
                            "Зеленая зона"
                        ]
                    },

                    {
                        "name": "Зоны активного (детского, спортивного) и тихого отдыха",
                        "options": [
                            "Отделены друг от друга на всей территории двора",
                            "Отделены друг от друга на части территории двора"
                        ]
                    },

                    "Зона тихого отдыха благоустроена",
                    "Зона активного отдыха благоустроена",

                    {
                        "name": "Процент неблагоустроенной территории (пустырей) от всей дворовой территории:",
                        "options": [
                            "Отсутствуют",
                            "менее 50%",
                            "более 50%"
                        ]
                    }
                ]
            },

            {
                "name": "Автомобильное движение и парковка",
                "criteria": [
                    "Имеется подземный паркинг",
                    "Реализован «Двор без машин» (парковка вне двора)",
                    "Проезды и места для парковки четко определены",
                    {
                        "name": "Парковка составляет",
                        "options": [
                            "менее 30% территории двора",
                            "более 30% территории двора"
                        ]
                    },
                    {
                        "name": "Парковочных мест",
                        "options": [
                            "Достаточно. Автомобили не загораживают возможности движения друг для друга, для спецтехники, не располагаются на газонах",
                            "Недостаточно. Автомобили свободно перемещаются и хаотично паркуются на дворовой территории, в т. ч. на газонах и пустырях"
                        ]
                    }
                ]
            },

            {
                "name": "Пешеходное движение",
                "criteria": [
                    "Реализован приоритет пешеходного движения по всей территории двора",
                    "Обустроены тротуары и дорожки для движения пешеходов, отделенные от автомобильных проездов",
                    "Обустроена только часть тротуаров и пешеходных дорожек",
                    {
                        "name": "Покрытие на пешеходных маршрутах",
                        "options": [
                            "В хорошем состоянии. Отсутствуют ямы, выбоины, лужи, грязь",
                            "В неудовлетворительном состоянии. Присутствуют ямы, выбоины, лужи, грязь, нерегулярная уборка от снега в зимнее время"
                        ]
                    },
                    {
                        "name": "В зимнее время регулярная очистка от снега",
                        "options": [
                            "Организована",
                            "Не организована"
                        ]
                    }
                ]
            },

            {
                "name": "Малые архитектурные формы (МАФы)",
                "criteria": [
                    "Во всем дворе представлены скамьи, урны",
                    "Ряд востребованных зон не оборудованы базовыми МАФ (например, нет урн возле подъездов либо скамеек у детских площадок)",
                    "Представлены нетиповые МАФы",
                    "Представлены типовые МАФы (такие же, как в других районах)",
                    "Представлены игровые, спортивные элементы",
                    "Представлены декоративные элементы: перголы, фонтаны",
                    "Представлены арт-объекты",
                    "Материалы МАФов - с натуральной текстурой: камень, металл, бетон",
                    "Материалы МАФов - недолговечные: фанера, картон",
                    "МАФы содержатся в хорошем состоянии",
                    "Часть МАФ находятся в изношенном состоянии либо повреждены",
                    "МАФ отсутствуют либо имеются в недостаточном количестве и сильно поврежденном состоянии."
                ]
            },

            {
                "name": "Озеленение",
                "criteria": [
                    {
                        "name": "Взрослые деревья",
                        "options": [
                            "Высажены",
                            "Отсутствуют"
                        ]
                    },
                    {
                        "name": "Газон",
                        "options": [
                            "Имеется качественный для сидения, игр, использования",
                            "Имеется не предусмотренный к активному использованию",
                            "Отсутствует"
                        ]
                    },
                    "Имеется декоративная зеленая зона: декоративные кустарники, цветы",
                    "Территория поддерживается в хорошем состоянии",
                    "На части территории растительный покров нарушен",
                    "Имеется открытый грунт, лужи, грязь после дождя",
                    "Часть территории заросла сорной травой"
                ]
            },

            {
                "name": "Освещение",
                "criteria": [
                    {
                        "name": "Тип освещения",
                        "options": [
                            "Применяются нестандартные приемы декоративной подсветки, подчеркивающие индивидуальность дизайна",
                            "Применяются стандартные приемы освещения"
                        ]
                    },
                    {
                        "name": "Территория",
                        "options": [
                            "Освещена полностью",
                            "Освещена частично",
                            "Не освещена"
                        ]
                    }
                ]
            },

            {
                "name": "Санитарная очистка",
                "criteria": [
                    "Территория убирается от мусора",
                    "Территория убирается недостаточно хорошо, мусор вывозится нерегулярно",
                    "Мусор разбросан по двору, длительное время накапливается у контейнерных площадок",
                    "Организован раздельный сбор отходов",
                    "Мусоросборные площадки изолированы в специальные камеры и не нарушают облик двора.",
                    "Мусоросборные площадки находятся на огороженной территории под навесом.",
                    "Мусор собирается в открытые контейнеры, установленные во дворе."
                ]
            }
        ]
    },


    "4-1": {
        "index": "4.1",
        "name": "Качество общественных пространств",
        "category": "Общественное пространство",

        "data": [
            "Наименование объекта",
            "Адрес объекта"
        ],

        "groups": [
            {
                "name": "Покрытия",
                "criteria": [
                    {
                        "name": "Использованы следующие материалы (для объектов городского пространства):",
                        "subcriteria": [
                            "Бетонное монолитное покрытие",
                            "Брусчатка",
                            "Плитка из бетона, натурального камня, клинкера",
                            "Асфальт",
                            "Асфальт, плитка с признаками разрушения",
                            "Сильно нарушенные покрытия (ямы, выбоины, рытвины, лужи, грязь)"
                        ]
                    },
                    {
                        "name": "Использованы следующие материалы (для зеленых пространств):",
                        "subcriteria": [
                            "Деревянные настилы",
                            "Щепа",
                            "Отсев, укрепленный грунт",
                            "Открытый грунт",
                            "Отдельные признаки разрушения, неорганизованный поверхностный сток (лужи, грязь)"
                        ]
                    }
                ]
            },


            {
                "name": "Озеленение",
                "criteria": [
                    {
                        "name": "Взрослые деревья",
                        "options": [
                            "Высажены",
                            "Отсутствуют"
                        ]
                    },
                    {
                        "name": "Газон",
                        "options": [
                            "Имеется качественный для сидения, игр, использования",
                            "Имеется не предусмотренный к активному использованию",
                            "Отсутствует"
                        ]
                    },
                    "Имеется декоративная зеленая зона: декоративные кустарники, цветы",
                    "Территория поддерживается в хорошем состоянии",
                    "На части территории растительный покров нарушен",
                    "Имеется открытый грунт, лужи, грязь после дождя",
                    "Часть территории заросла сорной травой"
                ]
            },

            {
                "name": "Освещение",
                "criteria": [
                    {
                        "name": "Приёмы освещения",
                        "options": [
                            "Применяются стандартные приемы освещения (светильники на столбах, зданиях, растяжках)",
                            "Применяются нестандартные приемы декоративной подсветки, подчеркивающие индивидуальность дизайна"
                        ]
                    },
                    {
                        "name": "Территория",
                        "options": [
                            "Освещена полностью",
                            "Освещена частично. Имеются темные небезопасные зоны. Часть светильников не работает.",
                            "Не освещена"
                        ]
                    }
                ]
            },

            {
                "name": "Малые архитектурные формы (МАФы)",
                "criteria": [
                    "Высокое разнообразие МАФ",
                    {
                        "name": "Представлены следующие типы МАФ:",
                        "subcriteria": [
                            "Урны, скамейки",
                            "Игровые, спортивные элементы",
                            "Перголы, фонтаны",
                            "Арт-объекты"
                        ]
                    },
                    "Представлены только типовые МАФы (такие же, как в других районах)",
                    "Ряд востребованных зон не оборудованы базовыми МАФ (например, нет урн возле подъездов либо скамеек у детских площадок)",
                    "Материалы МАФов - с натуральной текстурой: камень, металл, бетон",
                    "Материалы МАФов - недолговечные: фанера, картон",
                    "МАФы содержатся в хорошем состоянии",
                    "Часть МАФ находятся в изношенном состоянии либо повреждены",
                    "МАФ отсутствуют либо имеются в недостаточном количестве и сильно поврежденном состоянии."
                ]
            },

            {
                "name": "Функциональное наполнение",
                "criteria": [
                    "Присутствует зона парковки: наличие организованной возможности для парковки автотранспорта",
                    "Присутствует зона общественного транспорта: доступность общественного пространства на общественном транспорте. Наличие в непосредственной близости остановки",
                    "Присутствует зона активного отдыха: часть общественного пространства с местами отдыха, предполагающими активные движения и физические нагрузки: скейт-парк, детские игровые площадки и пр.",
                    "Присутствует зона пассивного отдыха: часть общественного пространства с местами отдыха, предполагающими спокойный отдых с минимальными движениями и физическими нагрузками",
                    "Присутствует зона общественного обслуживания: пространства, где размещают элементы инфраструктуры обслуживания: киоски, пункты общественного питания, информационные центры и пр.",
                    "Присутствует многофункциональная зона: активно используемый участок пространства со смешанными функциями. Предполагает гибкое использование и адаптивность к разным сценариям использования: например, проведение в выходные дни ярмарок на парковках и пр."
                ]
            }
        ]
    },


    "5-1": {
        "index": "5.1",
        "name": "Общее состояние и износ объектов образования и их функциональное наполнение",
        "category": "Объект образования",

        "data": [
            "Наименование объекта",
            "Адрес объекта"
        ],

        "groups": [
            {
                "name": "Общее состояние и износ объекта",
                "criteria": [
                    {
                        "name": "Материалы",
                        "options": [
                            "Использованы качественные материалы при отделке фасада (штукатурка, кирпич, дерево, натуральные отделочные материалы)",
                            "Использованы стандартные материалы при отделке фасада (железобетонные панели без отделки, сэндвич-панели, керамогранитная плитка)"
                        ]
                    },
                    {
                        "name": "Прилегающая территория:",
                        "options": [
                            "Благоустроена",
                            "Не благоустроена"
                        ]
                    },
                    {
                        "name": "Внешнее состояние объекта",
                        "options": [
                            "Объект в хорошем состоянии. Без видимых нареканий.",
                            "Наблюдаются признаки необходимости косметического ремонта (грязный, выцветший фасад, старые окна, отваливается штукатурка, отделочная плитка)",
                            "Наблюдаются явно выраженные признаки аварийности (трещины на фасаде, фундаменте, следы протечки кровли и пр.). Аварийное состояние"
                        ]
                    }
                ]
            },
            {
                "name": "Состояние помещений и техническая оснащенность",
                "criteria": [
                    {
                        "name": "Наличие косметического ремонта",
                        "options": [
                            "Качественный ремонт с выраженными элементами декора с применением натуральных материалов (дерево, камень, металл)",
                            "Качественный ремонт с применением стандартных материалов (гипсокартон, потолки армстронг, металлопластиковые окна",
                            "Интерьер давно не обновлялся, требуется косметический ремонт"
                        ]
                    },
                    {
                        "name": "Мебель и оборудование",
                        "options": [
                            "Новая мебель во всех помещениях, установлено современное оборудование",
                            "Новое оборудование и мебель установлены не во всех помещениях",
                            "Старая мебель, оборудование старое или отсутствует"
                        ]
                    },
                    "Признаки аварийности (трещины на стенах, следы подтопления в подвале, следы протечек на верхних этажах)",
                    "Требуется капитальный ремонт"
                ]
            },
            {
                "name": "Функциональное наполнение",
                "criteria": [
                    "Реализуется инновационная программа. Предоставлены продвинутые, в т.ч. уникальные дополнительные возможности для образования и развития ребенка в соответствии с наилучшими практиками (например, центр точка роста, детский инженерный центр, другие специализированные центры и пр.)",
                    {
                        "name": "Имеется весь базовый набор функций образовательных помещений:",
                        "subcriteria": [
                            "Бассейн",
                            "Центр художественного воспитания",
                            "Медиацентр",
                            "Школьный музей, школьные теплицы",
                            "Учебные классы начальной школы",
                            "Специализированные кабинеты средней школы",
                            "Актовый зал",
                            "Столовая",
                            "Медицинский кабинет",
                            "Отсутствует одна или несколько базовых функций образовательных помещений"
                        ]
                    }
                ]
            }
        ]
    },


    "6-1": {
        "index": "6.1",
        "name": "Общее состояние и износ объектов здравоохранения и их функциональное наполнение",
        "category": "Объект здравоохранения",

        "data": [
            "Наименование объекта",
            "Адрес объекта"
        ],

        "groups": [
            {
                "name": "Общее состояние и износ объекта",
                "criteria": [
                    {
                        "name": "Материалы",
                        "options": [
                            "Использованы качественные материалы при отделке фасада (штукатурка, кирпич, дерево, натуральные отделочные материалы)",
                            "Использованы стандартные материалы при отделке фасада (железобетонные панели без отделки, сэндвич-панели, керамогранитная плитка)"
                        ]
                    },
                    {
                        "name": "Прилегающая территория:",
                        "options": [
                            "Благоустроена",
                            "Не благоустроена"
                        ]
                    },
                    {
                        "name": "Внешнее состояние объекта",
                        "options": [
                            "Объект в хорошем состоянии. Без видимых нареканий.",
                            "Наблюдаются признаки необходимости косметического ремонта (грязный, выцветший фасад, старые окна, отваливается штукатурка, отделочная плитка)",
                            "Наблюдаются явно выраженные признаки аварийности (трещины на фасаде, фундаменте, следы протечки кровли и пр.). Аварийное состояние"
                        ]
                    }
                ]
            },
            {
                "name": "Состояние помещений и техническая оснащенность",
                "criteria": [
                    {
                        "name": "Состояние помещений",
                        "options": [
                            "Качественный ремонт с выраженными элементами декора с применением натуральных материалов (дерево, камень, металл)",
                            "Качественный ремонт с применением стандартных материалов (гипсокартон, потолки армстронг, металлопластиковые окна)",
                            "Интерьер давно не обновлялся, требуется косметический ремонт"
                        ]
                    },
                    {
                        "name": "Мебель и оборудование",
                        "options": [
                            "Новая мебель во всех помещениях, установлено современное оборудование",
                            "Новое оборудование и мебель установлены не во всех помещениях",
                            "Старая мебель, оборудование старое или отсутствует"
                        ]
                    },
                    "Признаки аварийности (трещины на стенах, следы подтопления в подвале, следы протечек на верхних этажах)",
                    "Требуется капитальный ремонт"
                ]
            }
        ]
    },


    "7-1": {
        "index": "7.1",
        "name": "Общее состояние и износ досуговых объектов и их функциональное наполнение",
        "category": "Объект досуга",

        "data": [
            "Наименование объекта",
            "Адрес объекта"
        ],

        "groups": [
            {
                "name": "Общее состояние и износ объекта",
                "criteria": [
                    {
                        "name": "Материалы",
                        "options": [
                            "Использованы качественные материалы при отделке фасада (штукатурка, кирпич, дерево, натуральные отделочные материалы)",
                            "Использованы стандартные материалы при отделке фасада (железобетонные панели без отделки, сэндвич-панели, керамогранитная плитка)"
                        ]
                    },
                    {
                        "name": "Прилегающая территория:",
                        "options": [
                            "Благоустроена",
                            "Не благоустроена"
                        ]
                    },
                    {
                        "name": "Внешнее состояние объекта",
                        "options": [
                            "Объект в хорошем состоянии. Без видимых нареканий.",
                            "Наблюдаются признаки необходимости косметического ремонта (грязный, выцветший фасад, старые окна, отваливается штукатурка, отделочная плитка)",
                            "Наблюдаются явно выраженные признаки аварийности (трещины на фасаде, фундаменте, следы протечки кровли и пр.). Аварийное состояние"
                        ]
                    }
                ]
            },
            {
                "name": "Состояние помещений и техническая оснащенность",
                "criteria": [
                    {
                        "name": "Состояние помещений",
                        "options": [
                            "Качественный ремонт с выраженными элементами декора с применением натуральных материалов (дерево, камень, металл)",
                            "Качественный ремонт с применением стандартных материалов (гипсокартон, потолки армстронг, металлопластиковые окна)",
                            "Интерьер давно не обновлялся, требуется косметический ремонт"
                        ]
                    },
                    {
                        "name": "Мебель и оборудование",
                        "options": [
                            "Новая мебель во всех помещениях, установлено современное оборудование",
                            "Новое оборудование и мебель установлены не во всех помещениях",
                            "Старая мебель, оборудование старое или отсутствует"
                        ]
                    },
                    "Признаки аварийности (трещины на стенах, следы подтопления в подвале, следы протечек на верхних этажах)",
                    "Требуется капитальный ремонт"
                ]
            }
        ]
    },


    "8-1": {
        "index": "8.1",
        "name": "Общее состояние и износ спортивных объектов и их функциональное наполнение",
        "category": "Спортивный объект",

        "data": [
            "Наименование объекта",
            "Адрес объекта"
        ],

        "groups": [
            {
                "name": "Общее состояние и износ объекта",
                "criteria": [
                    {
                        "name": "Материалы",
                        "options": [
                            "Использованы качественные материалы при отделке фасада (штукатурка, кирпич, дерево, натуральные отделочные материалы)",
                            "Использованы стандартные материалы при отделке фасада (железобетонные панели без отделки, сэндвич-панели, керамогранитная плитка)"
                        ]
                    },
                    {
                        "name": "Прилегающая территория:",
                        "options": [
                            "Благоустроена",
                            "Не благоустроена"
                        ]
                    },
                    {
                        "name": "Внешнее состояние объекта",
                        "options": [
                            "Объект в хорошем состоянии. Без видимых нареканий.",
                            "Наблюдаются признаки необходимости косметического ремонта (грязный, выцветший фасад, старые окна, отваливается штукатурка, отделочная плитка)",
                            "Наблюдаются явно выраженные признаки аварийности (трещины на фасаде, фундаменте, следы протечки кровли и пр.). Аварийное состояние"
                        ]
                    }
                ]
            },
            {
                "name": "Состояние помещений и техническая оснащенность",
                "criteria": [
                    {
                        "name": "Состояние помещений",
                        "options": [
                            "Качественный ремонт с выраженными элементами декора с применением натуральных материалов (дерево, камень, металл)",
                            "Качественный ремонт с применением стандартных материалов (гипсокартон, потолки армстронг, металлопластиковые окна)",
                            "Интерьер давно не обновлялся, требуется косметический ремонт"
                        ]
                    },
                    {
                        "name": "Мебель и оборудование",
                        "options": [
                            "Новая мебель во всех помещениях, установлено современное оборудование",
                            "Новое оборудование и мебель установлены не во всех помещениях",
                            "Старая мебель, оборудование старое или отсутствует"
                        ]
                    },
                    "Признаки аварийности (трещины на стенах, следы подтопления в подвале, следы протечек на верхних этажах)",
                    "Требуется капитальный ремонт"
                ]
            }
        ]
    },


    "10-1": {
        "index": "10.1",
        "name": "Общее состояние и износ объектов транспортной инфраструктуры",
        "category": "Объект транспортной инфраструктуры",

        "data": [
            "Наименование объекта",
            "Адрес объекта"
        ],

        "groups": [
            {
                "name": "Общее состояние и износ объекта",
                "criteria": [
                    {
                        "name": "Архитектурное решение",
                        "options": [
                            "Уникальное",
                            "Стандартное"
                        ]
                    },
                    {
                        "name": "Материалы",
                        "options": [
                            "Использованы дорогие материалы",
                            "Использованы стандартные современные материалы"
                        ]
                    },
                    {
                        "name": "Ремонт",
                        "options": [
                            "Отличное состояние. Ремонт не требуется",
                            "Удовлетворительное состояние. Требуется косметический ремонт фасада, кровли, входных групп и др.",
                            "Плохое состояние или аварийное состояние. Наблюдаются явно выраженные признаки аварийности (трещины, следы протечки кровли и пр.)."
                        ]
                    }
                ]
            },
            {
                "name": "Состояние зоны ожидания",
                "criteria": [
                    {
                        "name": "Состояние здания",
                        "options": [
                            "Комфортный зал ожидания с современным дизайном.",
                            "Стандартное здание в хорошем состоянии",
                            "Стандартное здание, требующее ремонта",
                            "Здание находится в аварийном состоянии"
                        ]
                    },
                    "Выделена зона под кафе и другие сервисы",
                    {
                        "name": "Туалетная комната",
                        "options": [
                            "Присутствует комфортная туалетная комната",
                            "Отсутствует туалетная комната или есть дискомфорт при посещении (грязь, неудобство)"
                        ]
                    },
                    "Присутствует комната матери и ребенка",
                    {
                        "name": "Для автобусных остановок:",
                        "subcriteria": [
                            "Современный дизайн и комфортные сидения",
                            "Стандартный остановочный павильон",
                            "Павильон с местами для сидения, защищен от дождя и солнца",
                            "Павильон отсутствует. Пассажиры ожидают транспорт на улице"
                        ]
                    },
                    {
                        "name": "Общее состояние автобусных остановок",
                        "options": [
                            "Объект в отличном состоянии",
                            "Высокий износ. Объект требует ремонта"
                        ]
                    }
                ]
            },
            {
                "name": "Благоустройство прилегающей территории",
                "criteria": [
                    "Выполнен качественный проект благоустройства с современным дизайном",
                    "Размещены востребованные объекты торговли и общепита",
                    "Выполнено базовое благоустройство территории. Пространство организовано функционально",
                    "Территория не благоустроена. Грязь, хаотичная парковка автомобилей",
                    "Организованы удобные подходы, организованная зона парковки автомобилей",
                    "Неудобные подходы для пассажиров",
                    "Парковка автомобилей затруднена",
                    "Дороги и тротуары в хорошем состоянии",
                    "Высокий износ дорог, тротуаров и других элементов"
                ]
            }
        ]
    },


    "10-2": {
        "index": "10.2",
        "name": "Состояние УДС, пешеходной и др. транспортной инфраструктуры",
        "category": "Улично-дорожная сеть микрорайона",

        "data": [
            "Границы микрорайона (указывается название улиц, ограничивающих микрорайон)"
        ],

        "groups": [
            {
                "name": "Состояние улично-дорожной сети",
                "criteria": [
                    {
                        "name": "Оценка состояния в целом",
                        "options": [
                            "Отличное состояние, без существенных нареканий",
                            "Хорошее состояние. Центральные и второстепенные улицы поддерживаются в хорошем состоянии ",
                            "Плохое состояние. Дороги не ремонтируются. Многочисленные ямы даже на центральных улицах",
                            "Присутствуют отдельные нарекания по состоянию внутриквартальных проездов и улично-дорожной сети в частном секторе"
                        ]
                    },
                    "Высокий износ второстепенных улиц",
                    "Значительная часть дорог (30-50%) в индивидуальной застройке не имеет твердого покрытия",
                    "Не менее половины улично-дорожной сети не имеет твердого покрытия."
                ]
            },
            {
                "name": "Развитие улично-дорожной сети",
                "criteria": [
                    "Развитая улично-дорожная сеть. Выделяется четкая иерархия дорог",
                    "Хороший уровень развития улично-дорожной сети. Разветвленная система улиц",
                    "Удовлетворительный уровень развития улично-дорожной сети. ",
                    "Разветвленная система улиц. При этом ряд важных связей между городскими микрорайонами отсутствует.",
                    "Улично-дорожная сеть не развита. Связь между жилыми районами осуществляется по единственной центральной улице, которая также используется для транзита и движения грузового транспорта",
                    "Транзитные и грузовые потоки выведены на объездную. Выделяются главные улицы с оживленным движением и спокойные улицы в жилой застройке.",
                    "Переезды через железную дорогу, съезды с транзитных магистралей организованы в двух уровнях",
                    "Заторы образуются редко",
                    "Пропускная способность улиц достаточна, за единичными исключениями. Встречаются отдельные узкие места, где могут образовываться заторы",
                    "Пропускная способность недостаточна. Многочисленные узкие места, где могут образовываться заторы",
                    "Выделяется большое количеств узких мест, у которых образуются заторы.",
                    {
                        "name": "Объездная автодорога",
                        "options": [
                            "Имеется",
                            "Отсутствует"
                        ]
                    }
                ]
            },
            {
                "name": "Состояние пешеходной инфраструктуры",
                "criteria": [
                    {
                        "name": "Тротуары",
                        "options": [
                            "Более 90 % улично-дорожной сети оборудовано тротуарами",
                            "От 60 до 90 % улично-дорожной сети оборудовано тротуарами",
                            "Менее 60 % улично-дорожной сети оборудовано тротуарами"
                        ]
                    },
                    "Организованы удобные и безопасные пешеходные переходы",
                    "Подходы к переходам оборудованы занижениями",
                    {
                        "name": "Состояние тротуаров и пешеходных дорожек",
                        "options": [
                            "Хорошее состояние",
                            "Умеренный износ",
                            "Плохое состояние, передвижение пешеходов некомфортно и небезопасно"
                        ]
                    }
                ]
            },
            {
                "name": "Состояние велосипедной и самокатной инфраструктуры",
                "criteria": [
                    "Развитая сеть выделенных велодорожек. Охват велодорожками основных центров притяжения и густонаселенных районов, наличие рекреационных маршрутов",
                    "Велодорожки выделены только по наиболее привлекательному маршруту",
                    "Выделенные велодорожки отсутствуют",
                    "Повсеместно оборудованы пункты проката и парковки велосипедов и самокатов",
                    "Значительная часть центров притяжения имеет оборудованные велопарковки",
                    "Есть возможность достаточно безопасного передвижения на велосипеде и самокате по тротуарам и проезжей части",
                    "Передвижение на велосипеде и самокате по городу / поселку небезопасно / затруднительно"
                ]
            },
            {
                "name": "Инфраструктура для маломобильных групп населения",
                "criteria": [
                    {
                        "name": "Оценка адаптации к потребностям",
                        "options": [
                            "Объекты социальной инфраструктуры, пешеходные маршруты, транспорт и общественные пространства в полной мере адаптированы",
                            "Адаптировано к потребностям маломобильных групп населения не менее 50 % объектов социальной инфраструктуры",
                            "Адаптировано к потребностям маломобильных групп населения не менее 30 % объектов социальной инфраструктуры",
                            "Объекты социальной инфраструктуры, пешеходные маршруты, транспорт и общественные пространства не адаптированы"
                        ]
                    },
                    "Наличие специальных пандусов с верными характеристиками уклона",
                    "Многочисленные мероприятия по адаптации пешеходных маршрутов, транспорта, общественных пространств к потребностям маломобильных граждан.",
                    "Только точечные мероприятия по адаптации пешеходных маршрутов, транспорта, общественных пространств к потребностям маломобильных граждан"
                ]
            }
        ]
    },


    "10-3": {
        "index": "10.3",
        "name": "Комфорт общественного транспорта (в целом по населенному пункту / территории обследования)",
        "category": "Территория обследования (населенный пункт)",

        "data": [],

        "groups": [
            {
                "name": "Комфорт",
                "criteria": [
                    "Подвижной состав вместительный и комфортный, преимущественно новый",
                    "В наличии более одного вида общественного транспорта",
                    {
                        "name": "Используются:",
                        "subcriteria": [
                            "Большие стандартные автобусы с умеренным и средним износом",
                            "Комфортные муниципальные маршрутные такси",
                            "Малогабаритные маршрутки с высоким износом подвижного состава"
                        ]
                    },
                    "Общественный транспорт отсутствует"
                ]
            }
        ]
    },


    "11-1": {
        "index": "11.1",
        "name": "Просматриваемость и освещенность улиц (в целом по населенному пункту / территории обследования)",
        "category": "Территория обследования (населенный пункт)",

        "data": [],

        "groups": [
            {
                "name": "Просматриваемость и освещенность улиц",
                "criteria": [
                    {
                        "name": "Освещение",
                        "options": [
                            "Все маршруты хорошо просматриваются, проходимы и освещены",
                            "Освещены лишь центральные маршруты",
                            "Уличное освещение отсутствует"
                        ]
                    },
                    "Территория оборудована камерами наружного видеонаблюдения",
                    {
                        "name": "Просматриваемость и посещаемость",
                        "options": [
                            "Территория хорошо просматривается со стороны и часто посещается",
                            "Территория хорошо просматривается со стороны, но посещается достаточно редко",
                            "Территория редко посещается и плохо просматривается со стороны"
                        ]
                    },
                    {
                        "name": "Восприятие безопасности территории",
                        "options": [
                            "Территория воспринимается как безопасная в вечернее время",
                            "Территория воспринимается как достаточно безопасная в вечернее время",
                            "Территория воспринимается как недостаточно безопасная в вечернее время",
                            "Территория воспринимается как небезопасная"
                        ]
                    },
                    {
                        "name": "Присутствуют потенциально небезопасные объекты:",
                        "subcriteria": [
                            "Пустыри",
                            "Необустроенные лесные массивы",
                            "Промзоны",
                            "Заброшенные здания"
                        ]
                    }
                ]
            }
        ]
    },


    "11-2": {
        "index": "11.2",
        "name": "Признаки асоциального поведения (в целом по населенному пункту / территории обследования)",
        "category": "Территория обследования (населенный пункт)",

        "data": [],

        "groups": [
            {
                "name": "Признаки асоциального поведения",
                "criteria": [
                    {
                        "name": "Признаки асоциального поведения",
                        "options": [
                            "Признаки асоциального поведения отсутствуют.",
                            "Редкие признаки асоциального поведения." ,
                            "Распространенные признаки асоциального поведения.",
                            "Территория постоянного присутствия маргинальных элементов"
                        ]
                    },
                    {
                        "name": "Оборудование решетками окон первых этажей",
                        "options": [
                            "Менее трети окон в первых этажах имеют решетки",
                            "От трети до половины окон в первых этажах оборудованы решетками",
                            "От половины до 90% окон в первых этажах оборудованы решетками",
                            "Более 90% окон в первых этажах оборудованы решетками"
                        ]
                    },
                    "Отдельные проявления вандализма, граффити на стенах",
                    "Следы частого распития алкоголя /реклама наркотиков, интимных услуг",
                    "Заброшенные здания с разбитыми окнами и граффити"
                ]
            }
        ]
    },


    "11-3": {
        "index": "11.3",
        "name": "Безопасность дорожного движения (в целом по населенному пункту / территории обследования)",
        "category": "Территория обследования (населенный пункт)",

        "data": [],

        "groups": [
            {
                "name": "Безопасность дорожного движения",
                "criteria": [
                    "Планировочная организация территории не предусматривает пересечения потоков автомобилистов и пешеходов",
                    "Потоки пешеходов и автомобилистов разделены. В необходимых местах установлены знак пешеходного перехода",
                    {
                        "name": "При высокой интенсивности движения предусмотрены дополнительные меры:",
                        "subcriteria": [
                            "«лежачий полицейский»",
                            "светофор",
                            "сужение проезжей части",
                            "При высокой интенсивности предусмотрены стандартные меры: потоки пешеходов и автомобилистов разделены, установлены знаки пешеходного перехода",
                            "Небезопасная организация дорожного движения. Неорганизованное пересечение транспортных и пешеходных потоков провоцирует аварийные ситуации"                        ]
                    }
                ]
            }
        ]
    }
}
